-- phpMyAdmin SQL Dump
-- version 5.2.1
-- https://www.phpmyadmin.net/
--
-- Host: 127.0.0.1
-- Generation Time: Jun 04, 2025 at 11:20 AM
-- Server version: 10.4.32-MariaDB
-- PHP Version: 8.0.30

SET SQL_MODE = "NO_AUTO_VALUE_ON_ZERO";
START TRANSACTION;
SET time_zone = "+00:00";


/*!40101 SET @OLD_CHARACTER_SET_CLIENT=@@CHARACTER_SET_CLIENT */;
/*!40101 SET @OLD_CHARACTER_SET_RESULTS=@@CHARACTER_SET_RESULTS */;
/*!40101 SET @OLD_COLLATION_CONNECTION=@@COLLATION_CONNECTION */;
/*!40101 SET NAMES utf8mb4 */;

--
-- Database: `murder`
--

-- --------------------------------------------------------

--
-- Table structure for table `hospital_report`
--

CREATE TABLE `hospital_report` (
  `id` int(11) NOT NULL,
  `reportTime` datetime NOT NULL,
  `doctorId` int(11) NOT NULL,
  `patientId` int(11) NOT NULL,
  `diagnosis` text DEFAULT NULL,
  `incidentTime` datetime NOT NULL,
  `timeDiffHours` int(11) DEFAULT NULL CHECK (`timeDiffHours` >= 0)
) ENGINE=InnoDB DEFAULT CHARSET=utf8mb4 COLLATE=utf8mb4_general_ci;

--
-- Dumping data for table `hospital_report`
--

INSERT INTO `hospital_report` (`id`, `reportTime`, `doctorId`, `patientId`, `diagnosis`, `incidentTime`, `timeDiffHours`) VALUES
(105, '2025-06-02 02:43:01', 3, 47, 'recovered fully', '2025-06-01 22:43:01', 2),
(106, '2025-06-02 13:43:01', 46, 2, 'The patient is dead. Cause of death: multiple stab wounds in the chest area.', '2025-06-02 11:43:01', 2),
(107, '2025-05-29 06:43:01', 20, 45, 'The patient is dead. Cause of death: neck snapped by excessive force.', '2025-05-29 02:43:01', 4),
(108, '2025-06-01 09:43:01', 46, 12, 'The patient is sick. Has a runny nose.', '2025-06-01 07:43:01', 4),
(109, '2025-06-03 13:43:01', 46, 14, 'had a mild concussion', '2025-06-03 12:43:01', 4),
(110, '2025-06-01 08:43:01', 3, 1, 'minor bruising', '2025-06-01 04:43:01', 3),
(111, '2025-05-30 03:43:01', 39, 13, 'required stitches', '2025-05-30 01:43:01', 4),
(112, '2025-06-03 07:43:01', 46, 32, 'diagnosed with shock', '2025-06-03 06:43:01', 3),
(113, '2025-05-29 02:43:01', 3, 29, 'needs observation', '2025-05-28 22:43:01', 3),
(114, '2025-06-01 07:43:01', 46, 25, 'minor bruising', '2025-06-01 05:43:01', 1),
(115, '2025-05-31 09:43:01', 3, 16, 'was injured but stable', '2025-05-31 08:43:01', 3),
(116, '2025-06-01 05:43:01', 23, 31, 'was injured but stable', '2025-06-01 01:43:01', 4),
(117, '2025-06-01 12:43:01', 46, 18, 'minor bruising', '2025-06-01 08:43:01', 1),
(118, '2025-06-03 07:43:01', 3, 4, 'The patient is dead. Cause of death: multiple stab wounds in the chest area.', '2025-06-03 03:43:01', 2),
(119, '2025-05-29 14:43:01', 23, 22, 'was injured but stable', '2025-05-29 10:43:01', 3),
(120, '2025-05-30 13:43:01', 46, 35, 'needs observation', '2025-05-30 12:43:01', 2),
(121, '2025-05-31 08:43:01', 23, 33, 'needs observation', '2025-05-31 04:43:01', 3),
(122, '2025-05-31 10:43:01', 20, 24, 'suffered internal bleeding', '2025-05-31 06:43:01', 4),
(123, '2025-06-02 04:43:01', 46, 50, 'The patient is dead. Cause of death: strangulation with signs of asphyxiation.', '2025-06-02 02:43:01', 3),
(124, '2025-06-03 06:43:01', 20, 26, 'was injured but stable', '2025-06-03 05:43:01', 3);

-- --------------------------------------------------------

--
-- Table structure for table `journal`
--

CREATE TABLE `journal` (
  `id` int(11) NOT NULL,
  `authorId` int(11) NOT NULL,
  `subjectId` int(11) NOT NULL,
  `content` text NOT NULL
) ENGINE=InnoDB DEFAULT CHARSET=utf8mb4 COLLATE=utf8mb4_general_ci;

--
-- Dumping data for table `journal`
--

INSERT INTO `journal` (`id`, `authorId`, `subjectId`, `content`) VALUES
(1, 10, 22, 'Money short Mrs source.'),
(2, 12, 50, 'He’s impossible to work with.'),
(3, 17, 51, 'Just one push. That\'s all it would take.'),
(4, 35, 6, 'Thank interest available.'),
(5, 52, 51, 'Word his after clearly good special control scene.'),
(6, 17, 52, 'Girl investment likely job plant technology.'),
(7, 29, 23, 'My blood boils every time I see him.'),
(8, 8, 19, 'Movie challenge knowledge baby seek reality.'),
(9, 50, 5, 'Student call worry.'),
(10, 12, 45, 'If I could get away with it...'),
(11, 45, 26, 'If he raises his voice one more time, I’ll lose it.'),
(12, 16, 24, 'Not while front interview another push.'),
(13, 23, 24, 'Again item forget expect.'),
(14, 21, 2, 'Data enough total view speak.'),
(15, 21, 26, 'Another meeting, another shouting match.'),
(16, 29, 44, 'Dog college director black newspaper.'),
(17, 18, 33, 'He’s impossible to work with.'),
(18, 52, 35, 'He insulted my cooking. Unbelievable.'),
(19, 5, 49, 'He insulted my cooking. Unbelievable.'),
(20, 40, 11, 'Teach power produce of out change yourself.'),
(21, 19, 44, 'We argued again over the dishes.'),
(22, 20, 24, 'I can’t stop thinking about what he said.'),
(23, 28, 12, 'Behind now both care middle return edge.'),
(24, 43, 26, 'Sometimes I think the world would be better without him.'),
(25, 35, 46, 'Trip whether story go piece.'),
(26, 5, 29, 'Just one push. That\'s all it would take.'),
(27, 52, 42, 'Another meeting, another shouting match.'),
(28, 22, 51, 'That hurt more than I thought it would.'),
(29, 28, 43, 'Rich data prove natural among never open.'),
(30, 36, 22, 'He’s impossible to work with.'),
(31, 15, 25, 'He insulted my cooking. Unbelievable.'),
(32, 9, 16, 'Just one push. That\'s all it would take.'),
(33, 19, 45, 'He betrayed my trust.'),
(34, 33, 32, 'Medical all meeting best great affect.'),
(35, 41, 8, 'Window though occur.'),
(36, 12, 5, 'He insulted my cooking. Unbelievable.'),
(37, 17, 21, 'Tonight agreement speech foreign.'),
(38, 24, 49, 'Might position analysis rest practice similar.'),
(39, 24, 52, 'Program act item.'),
(40, 39, 28, 'That look he gave me… I won\'t forget it.'),
(41, 4, 23, 'If he raises his voice one more time, I’ll lose it.'),
(42, 42, 43, 'Region international agree challenge all part.'),
(43, 14, 27, 'Dinner majority ago.'),
(44, 46, 32, 'Discussion member book mission note.'),
(45, 43, 41, 'We argued again over the dishes.'),
(46, 6, 24, 'Course begin check enter consumer professor plant.'),
(47, 52, 22, 'I can’t stop thinking about what he said.'),
(48, 2, 12, 'It’s not my fault the window’s open and my music’s great.'),
(49, 27, 15, 'Beat woman local five clearly sometimes probably.'),
(50, 30, 4, 'We argued again over the dishes.'),
(51, 51, 7, 'Another meeting, another shouting match.'),
(52, 45, 41, 'Improve sure against indeed bag security.'),
(53, 7, 1, 'He’s impossible to work with.'),
(54, 36, 7, 'Just one push. That\'s all it would take.'),
(55, 21, 7, 'He doesn’t know how close he is to the edge.'),
(56, 4, 9, 'Just one push. That\'s all it would take.'),
(57, 23, 27, 'Those perform everything drive else.'),
(58, 12, 6, 'He’s impossible to work with.'),
(59, 5, 37, 'We argued again over the dishes.'),
(60, 2, 12, 'If he wants silence, he should move out of the city.'),
(61, 32, 8, 'Matter process whose others and will impact be.'),
(62, 37, 13, 'Sometimes I think the world would be better without him.'),
(63, 5, 44, 'Manager chair let boy.'),
(64, 25, 21, 'Attack until under.'),
(65, 25, 44, 'If I could get away with it...'),
(66, 49, 20, 'My blood boils every time I see him.'),
(67, 44, 47, 'He’s impossible to work with.'),
(68, 31, 26, 'International increase benefit report.'),
(69, 16, 8, 'He’s impossible to work with.'),
(70, 31, 29, 'Every understand you life win.'),
(71, 29, 20, 'He betrayed my trust.'),
(72, 42, 45, 'He insulted my cooking. Unbelievable.'),
(73, 10, 44, 'I can’t stop thinking about what he said.'),
(74, 52, 37, 'I can’t stop thinking about what he said.'),
(75, 15, 40, 'Responsibility especially skin fire world.'),
(76, 12, 2, 'One day, I might kill him.'),
(77, 45, 28, 'Standard marriage must certainly.'),
(78, 6, 36, 'Customer ability service middle.'),
(79, 36, 39, 'Together company brother show trial never.'),
(80, 33, 39, 'Military under reflect.'),
(81, 21, 11, 'Just one push. That\'s all it would take.'),
(82, 19, 21, 'Raise discuss behavior operation.'),
(83, 51, 26, 'Two upon shoulder.'),
(84, 48, 37, 'He betrayed my trust.'),
(85, 7, 4, 'Another meeting, another shouting match.'),
(86, 14, 18, 'If he raises his voice one more time, I’ll lose it.'),
(87, 31, 15, 'He doesn’t know how close he is to the edge.'),
(88, 41, 4, 'According accept free alone standard kitchen road style.'),
(89, 23, 42, 'Another meeting, another shouting match.'),
(90, 41, 28, 'He’s impossible to work with.'),
(91, 17, 26, 'Red son smile cultural laugh.'),
(92, 33, 49, 'Let bank check daughter thing better.'),
(93, 21, 41, 'I could strangle him in his sleep.'),
(94, 36, 11, 'Two tax draw.'),
(95, 21, 32, 'See item law meet mention paper.'),
(96, 40, 44, 'Role way modern audience conference.'),
(97, 23, 50, 'He’s impossible to work with.'),
(98, 7, 6, 'That charge I not everybody always.'),
(99, 52, 13, 'Then pretty next growth.'),
(100, 21, 39, 'According half term western whom door have Mr.'),
(101, 45, 50, 'Although treatment nature vote pass simply focus.'),
(102, 43, 46, 'Huge five trial he way.'),
(103, 47, 4, 'That look he gave me… I won\'t forget it.'),
(104, 2, 6, 'Property everybody teacher term soon.'),
(105, 41, 17, 'Guess want example visit administration.'),
(106, 34, 33, 'That hurt more than I thought it would.'),
(107, 38, 36, 'Management lot happen between individual step bit.'),
(108, 31, 52, 'Individual alone phone by newspaper spend him.'),
(109, 43, 35, 'Reason focus draw indeed.'),
(110, 13, 9, 'He doesn’t know how close he is to the edge.'),
(111, 45, 19, 'Ago need nor.'),
(112, 47, 7, 'Resource result toward during new.'),
(113, 17, 2, 'Hotel response campaign.'),
(114, 16, 11, 'That hurt more than I thought it would.'),
(115, 15, 44, 'Ever sure manage hold language building.'),
(116, 27, 31, 'That hurt more than I thought it would.'),
(117, 49, 36, 'Step military dream.'),
(118, 13, 21, 'Size hair this of Democrat their.'),
(119, 2, 12, 'That man is a walking storm cloud.'),
(120, 10, 13, 'Enter end save why.'),
(121, 39, 19, 'That hurt more than I thought it would.'),
(122, 42, 30, 'Inside beyond various line.'),
(123, 30, 1, 'My blood boils every time I see him.'),
(124, 30, 21, 'That hurt more than I thought it would.'),
(125, 18, 14, 'Sometimes I think the world would be better without him.'),
(126, 43, 10, 'My blood boils every time I see him.'),
(127, 12, 2, 'Why can\'t he respect anyone else’s peace?'),
(128, 49, 2, 'That hurt more than I thought it would.'),
(129, 38, 36, 'Agent around seem question trial recognize customer maybe.'),
(130, 30, 19, 'Back from health.'),
(131, 48, 35, 'Believe laugh already commercial.'),
(132, 40, 19, 'I could strangle him in his sleep.'),
(133, 22, 36, 'I could strangle him in his sleep.'),
(134, 28, 48, 'Think safe wife rest.'),
(135, 47, 51, 'He’s impossible to work with.'),
(136, 4, 13, 'Another meeting, another shouting match.'),
(137, 12, 2, 'If I hear that damn harmonica again, I\'m going to lose it.'),
(138, 10, 51, 'I can’t stop thinking about what he said.'),
(139, 49, 29, 'Another meeting, another shouting match.'),
(140, 39, 17, 'I could strangle him in his sleep.'),
(141, 48, 29, 'He’s impossible to work with.'),
(142, 25, 39, 'He’s impossible to work with.'),
(143, 30, 38, 'We argued again over the dishes.'),
(144, 35, 9, 'Just one push. That\'s all it would take.'),
(145, 15, 8, 'Wait again exist pattern possible good.'),
(146, 16, 13, 'Dark movement about.'),
(147, 15, 5, 'Bit pressure law card back these support.'),
(148, 27, 38, 'If I could get away with it...'),
(149, 47, 20, 'He’s impossible to work with.'),
(150, 22, 30, 'Challenge data nearly lead think either.'),
(151, 44, 9, 'We argued again over the dishes.'),
(152, 24, 16, 'Hot list keep laugh.'),
(153, 18, 16, 'Thus consumer they cost tree occur.'),
(154, 44, 25, 'And require enter environment just example.'),
(155, 32, 40, 'Clearly although scientist join church.'),
(156, 41, 39, 'I can’t stop thinking about what he said.'),
(157, 18, 22, 'Democratic sign window someone serious central ok protect.'),
(158, 38, 26, 'He’s impossible to work with.'),
(159, 35, 8, 'He betrayed my trust.'),
(160, 11, 4, 'I can’t stop thinking about what he said.'),
(161, 7, 41, 'Strategy book exist room television heavy.'),
(162, 49, 44, 'Just one push. That\'s all it would take.'),
(163, 27, 4, 'Task bill effect student environmental.'),
(164, 30, 36, 'Me walk any million special.'),
(165, 43, 2, 'Green reason recognize.'),
(166, 13, 12, 'We argued again over the dishes.'),
(167, 25, 18, 'That look he gave me… I won\'t forget it.'),
(168, 38, 43, 'Produce place small newspaper enter forward ok.'),
(169, 44, 37, 'We argued again over the dishes.'),
(170, 49, 18, 'He doesn’t know how close he is to the edge.'),
(171, 19, 21, 'If I could get away with it...'),
(172, 6, 48, 'He’s impossible to work with.'),
(173, 8, 19, 'Need nor similar best class know south.'),
(174, 3, 30, 'Avoid under above arm happy.'),
(175, 9, 43, 'Front course again once contain bit pressure site.'),
(176, 21, 43, 'Second position dog eye outside.'),
(177, 24, 19, 'Face weight commercial fight property policy probably.'),
(178, 20, 51, 'Friend develop trip interview themselves full leave at.'),
(179, 2, 41, 'He insulted my cooking. Unbelievable.'),
(180, 28, 36, 'Western professor hear including cell organization technology.'),
(181, 5, 27, 'Again position woman.'),
(182, 14, 41, 'House couple rock forget Republican sing trouble.'),
(183, 40, 37, 'I can’t stop thinking about what he said.'),
(184, 50, 27, 'Result our teach field.'),
(185, 35, 2, 'That look he gave me… I won\'t forget it.'),
(186, 48, 22, 'I could strangle him in his sleep.'),
(187, 2, 40, 'Security soon why focus rest.'),
(188, 33, 14, 'Believe environment your others participant benefit woman international.'),
(189, 6, 38, 'Whom air factor other opportunity score military trouble.'),
(190, 35, 3, 'He insulted my cooking. Unbelievable.'),
(191, 40, 48, 'Generation fine set see direction admit.'),
(192, 51, 15, 'Two threat ball enjoy.'),
(193, 11, 48, 'He betrayed my trust.'),
(194, 41, 20, 'Just one push. That\'s all it would take.'),
(195, 28, 29, 'He betrayed my trust.'),
(196, 26, 48, 'Person manager try notice suffer risk Republican.'),
(197, 19, 8, 'Either amount market current.'),
(198, 38, 31, 'Another meeting, another shouting match.'),
(199, 24, 28, 'Make box soldier significant his.'),
(200, 23, 14, 'We argued again over the dishes.'),
(201, 6, 39, 'East reason parent positive bed safe.'),
(202, 18, 52, 'That hurt more than I thought it would.'),
(203, 48, 24, 'Just one push. That\'s all it would take.'),
(204, 17, 49, 'Hair break will wear today huge able rather.'),
(205, 21, 12, 'Perhaps military avoid.'),
(206, 4, 17, 'He betrayed my trust.'),
(207, 10, 18, 'Sometimes I think the world would be better without him.'),
(208, 44, 51, 'Economy phone cover message.'),
(209, 29, 50, 'Doctor wife movie art.'),
(210, 43, 1, 'He betrayed my trust.'),
(211, 41, 11, 'I could strangle him in his sleep.'),
(212, 46, 10, 'Area order wear film travel.'),
(213, 44, 48, 'Another meeting, another shouting match.'),
(214, 9, 31, 'Another meeting, another shouting match.'),
(215, 36, 34, 'Suddenly hear office.'),
(216, 51, 17, 'Though improve green difficult southern.'),
(217, 40, 36, 'Yes toward follow rule student major again.'),
(218, 48, 21, 'Less exist government next.'),
(219, 7, 48, 'If he raises his voice one more time, I’ll lose it.'),
(220, 14, 28, 'Just one push. That\'s all it would take.'),
(221, 45, 25, 'Write as poor.'),
(222, 37, 46, 'Evening both support book economy source.'),
(223, 39, 30, 'Another meeting, another shouting match.'),
(224, 47, 43, 'That look he gave me… I won\'t forget it.'),
(225, 39, 33, 'Green true option team reality approach.'),
(226, 41, 44, 'That hurt more than I thought it would.'),
(227, 38, 22, 'He betrayed my trust.'),
(228, 51, 10, 'Hotel physical cut once national.'),
(229, 34, 29, 'Husband however break us thank could business.'),
(230, 50, 32, 'Cover and reason full including sound toward.'),
(231, 29, 9, 'Window product avoid ten couple capital across city.'),
(232, 5, 6, 'Sea base realize father yeah yet little.'),
(233, 42, 32, 'Property reason size guess.'),
(234, 39, 6, 'That hurt more than I thought it would.'),
(235, 41, 37, 'Animal report board fine to.'),
(236, 29, 52, 'He insulted my cooking. Unbelievable.'),
(237, 47, 16, 'Finish large company everything property.'),
(238, 32, 41, 'Hour treat feel thus listen.'),
(239, 16, 7, 'Bring benefit water under.'),
(240, 32, 3, 'Well phone worker understand end society score citizen.'),
(241, 25, 27, 'Another meeting, another shouting match.'),
(242, 48, 31, 'I could strangle him in his sleep.'),
(243, 4, 16, 'I can’t stop thinking about what he said.'),
(244, 7, 34, 'I can’t stop thinking about what he said.'),
(245, 50, 34, 'That look he gave me… I won\'t forget it.'),
(246, 39, 4, 'Measure like teacher mouth kitchen American decide.'),
(247, 14, 30, 'If he raises his voice one more time, I’ll lose it.'),
(248, 8, 30, 'Foreign identify commercial size need.'),
(249, 46, 11, 'Ago hair defense forget.'),
(250, 25, 41, 'I can’t stop thinking about what he said.'),
(251, 52, 36, 'We response party customer ability surface never try.'),
(252, 3, 1, 'Long Congress real study specific bill reach.'),
(253, 41, 33, 'He insulted my cooking. Unbelievable.'),
(254, 48, 7, 'Another meeting, another shouting match.'),
(255, 50, 26, 'I can’t stop thinking about what he said.'),
(256, 15, 18, 'West rich some remember or understand live.'),
(257, 17, 15, 'Fly crime bank second write along too foreign.'),
(258, 39, 25, 'Worker garden time paper.'),
(259, 37, 44, 'Sometimes I think the world would be better without him.'),
(260, 19, 25, 'Close rather myself member war woman standard.'),
(261, 29, 33, 'Let series trade over knowledge response party name.'),
(262, 38, 10, 'Full respond necessary want might respond.'),
(263, 30, 29, 'Rich consider pretty move minute.'),
(264, 48, 36, 'Town realize air line.'),
(265, 4, 6, 'If he raises his voice one more time, I’ll lose it.'),
(266, 31, 51, 'That hurt more than I thought it would.'),
(267, 13, 24, 'Another meeting, another shouting match.'),
(268, 20, 1, 'If I could get away with it...'),
(269, 37, 25, 'Former idea serve feel form notice store see.'),
(270, 25, 1, 'My blood boils every time I see him.'),
(271, 44, 24, 'If he raises his voice one more time, I’ll lose it.'),
(272, 19, 15, 'Model lead activity say especially lose church.'),
(273, 12, 2, 'Every morning like clockwork. It\'s driving me insane.'),
(274, 38, 2, 'That look he gave me… I won\'t forget it.'),
(275, 4, 11, 'Just one push. That\'s all it would take.'),
(276, 8, 42, 'I could strangle him in his sleep.'),
(277, 49, 47, 'If he raises his voice one more time, I’ll lose it.'),
(278, 23, 28, 'Force why public everybody article.'),
(279, 8, 5, 'Growth gun police.'),
(280, 47, 34, 'My blood boils every time I see him.'),
(281, 10, 14, 'My blood boils every time I see him.'),
(282, 6, 28, 'Word represent still scene oil smile under.'),
(283, 43, 26, 'Just one push. That\'s all it would take.'),
(284, 45, 20, 'We argued again over the dishes.'),
(285, 26, 45, 'Take oil indicate worry area successful.'),
(286, 51, 40, 'Situation economic born unit military window the.'),
(287, 48, 6, 'Reach store building probably claim above language win.'),
(288, 49, 5, 'Along war pretty population rate.'),
(289, 8, 30, 'He’s impossible to work with.'),
(290, 34, 25, 'Herself save region.'),
(291, 9, 3, 'My blood boils every time I see him.'),
(292, 52, 23, 'Talk several network machine today discover.'),
(293, 38, 24, 'Sometimes I think the world would be better without him.'),
(294, 49, 50, 'He betrayed my trust.'),
(295, 38, 32, 'If he raises his voice one more time, I’ll lose it.'),
(296, 10, 29, 'If he raises his voice one more time, I’ll lose it.'),
(297, 9, 41, 'That hurt more than I thought it would.'),
(298, 35, 30, 'Small common answer official.'),
(299, 51, 3, 'Commercial majority street full travel.'),
(300, 9, 17, 'Continue education property act father.'),
(301, 1, 6, 'That hurt more than I thought it would.'),
(302, 24, 41, 'He betrayed my trust.'),
(303, 44, 42, 'I can’t stop thinking about what he said.'),
(304, 19, 50, 'Just one push. That\'s all it would take.'),
(305, 16, 34, 'Prevent defense hand read be.'),
(306, 46, 13, 'War knowledge media foot whose.'),
(307, 44, 35, 'Walk sign course gun point near just.'),
(308, 17, 48, 'Another meeting, another shouting match.'),
(309, 16, 10, 'We argued again over the dishes.'),
(310, 19, 11, 'Cause impact born any treat.'),
(311, 17, 12, 'If he raises his voice one more time, I’ll lose it.'),
(312, 14, 26, 'That hurt more than I thought it would.'),
(313, 41, 40, 'My blood boils every time I see him.'),
(314, 3, 7, 'If he raises his voice one more time, I’ll lose it.'),
(315, 15, 35, 'Property have action thought represent bed personal adult.'),
(316, 20, 48, 'Rate order forward create data.'),
(317, 44, 52, 'Former interest time star.'),
(318, 24, 44, 'I could strangle him in his sleep.'),
(319, 8, 35, 'Policy city eat address ground.'),
(320, 30, 9, 'Just one push. That\'s all it would take.'),
(321, 34, 21, 'That hurt more than I thought it would.'),
(322, 52, 39, 'He betrayed my trust.'),
(323, 12, 2, 'He’s doing it just to get to me. I know it.'),
(324, 13, 40, 'Read exactly million purpose few lot meeting.'),
(325, 22, 2, 'Protect thousand individual nearly child.'),
(326, 48, 44, 'I can’t stop thinking about what he said.'),
(327, 32, 39, 'State sure far man protect kind.'),
(328, 12, 14, 'Short build build personal.'),
(329, 23, 37, 'Draw growth somebody teacher fund.'),
(330, 14, 48, 'Son easy carry lay stage mention policy.'),
(331, 13, 46, 'Another meeting, another shouting match.'),
(332, 13, 39, 'He insulted my cooking. Unbelievable.'),
(333, 1, 12, 'That look he gave me… I won\'t forget it.'),
(334, 23, 52, 'Meet eight trouble individual whether step.'),
(335, 29, 30, 'I could strangle him in his sleep.'),
(336, 26, 18, 'Future right only necessary control letter.'),
(337, 51, 43, 'He’s impossible to work with.'),
(338, 35, 14, 'He insulted my cooking. Unbelievable.'),
(339, 48, 34, 'Play skin who.'),
(340, 47, 10, 'Treatment strong each.'),
(341, 40, 41, 'If he raises his voice one more time, I’ll lose it.'),
(342, 18, 5, 'My blood boils every time I see him.'),
(343, 23, 5, 'My blood boils every time I see him.'),
(344, 26, 24, 'Reason relationship wonder spring allow drop.'),
(345, 42, 28, 'Her example professor customer fire order.'),
(346, 43, 6, 'Without though forget really body.'),
(347, 30, 45, 'I can’t stop thinking about what he said.'),
(348, 33, 34, 'During long option box.'),
(349, 9, 33, 'Method when section see analysis.'),
(350, 21, 22, 'I could strangle him in his sleep.'),
(351, 39, 5, 'News of option method specific dog receive.'),
(352, 27, 30, 'I can’t stop thinking about what he said.'),
(353, 49, 16, 'He insulted my cooking. Unbelievable.'),
(354, 33, 41, 'Sport have beyond choice poor recognize look.'),
(355, 15, 7, 'Investment add worry point.'),
(356, 47, 38, 'That look he gave me… I won\'t forget it.'),
(357, 14, 29, 'Stay within experience.'),
(358, 3, 22, 'Become detail compare window tonight.'),
(359, 24, 23, 'Movement participant deep scene eat month population.'),
(360, 18, 3, 'That look he gave me… I won\'t forget it.'),
(361, 18, 11, 'Sometimes I think the world would be better without him.'),
(362, 4, 26, 'Sometimes I think the world would be better without him.'),
(363, 36, 1, 'Serve church perform from evening candidate bag.'),
(364, 38, 7, 'Add fly although whom wife.'),
(365, 7, 16, 'Nearly alone culture house catch.'),
(366, 42, 2, 'Front agent analysis fall use black.'),
(367, 16, 45, 'Final cover there yourself tax near boy stuff.'),
(368, 23, 15, 'We argued again over the dishes.'),
(369, 9, 51, 'We argued again over the dishes.'),
(370, 33, 13, 'My blood boils every time I see him.'),
(371, 17, 31, 'My blood boils every time I see him.'),
(372, 19, 31, 'He insulted my cooking. Unbelievable.'),
(373, 39, 48, 'Image instead where find bed page.'),
(374, 4, 38, 'Sometimes I think the world would be better without him.'),
(375, 8, 48, 'Course food even safe water.'),
(376, 22, 44, 'If he raises his voice one more time, I’ll lose it.'),
(377, 23, 47, 'That hurt more than I thought it would.'),
(378, 7, 32, 'I could strangle him in his sleep.'),
(379, 3, 15, 'Today development fight should face a off.'),
(380, 39, 46, 'My blood boils every time I see him.'),
(381, 11, 49, 'We argued again over the dishes.'),
(382, 10, 4, 'Man always cultural weight tonight office.'),
(383, 36, 43, 'Sometimes I think the world would be better without him.'),
(384, 47, 29, 'Identify end cup food early.'),
(385, 9, 13, 'Particular stock ever.'),
(386, 37, 28, 'He’s impossible to work with.'),
(387, 44, 15, 'Right better enjoy carry.'),
(388, 50, 38, 'I can’t stop thinking about what he said.'),
(389, 43, 7, 'My blood boils every time I see him.'),
(390, 11, 13, 'If I could get away with it...'),
(391, 10, 5, 'Talk these just actually and hundred.'),
(392, 22, 50, 'And relationship ball know.'),
(393, 30, 41, 'If I could get away with it...'),
(394, 14, 15, 'Story next skin wrong charge.'),
(395, 3, 16, 'That look he gave me… I won\'t forget it.'),
(396, 37, 31, 'Public year tree enjoy play few determine society.'),
(397, 2, 30, 'My blood boils every time I see him.'),
(398, 29, 11, 'We argued again over the dishes.'),
(399, 27, 32, 'Part collection even positive nothing thought.'),
(400, 43, 28, 'Size attention drop home represent.'),
(401, 11, 30, 'That look he gave me… I won\'t forget it.'),
(402, 9, 10, 'Tax billion office small have.'),
(403, 37, 43, 'Million theory second reduce.'),
(404, 2, 12, 'I played my harmonica again today, I wonder if he enjoys it.'),
(405, 5, 11, 'Goal worry kind provide.'),
(406, 35, 49, 'He insulted my cooking. Unbelievable.'),
(407, 1, 44, 'Just one push. That\'s all it would take.'),
(408, 15, 12, 'Just one push. That\'s all it would take.'),
(409, 18, 49, 'He betrayed my trust.'),
(410, 20, 23, 'Something manager position friend.'),
(411, 39, 43, 'He doesn’t know how close he is to the edge.'),
(412, 49, 4, 'That hurt more than I thought it would.'),
(413, 36, 25, 'If he raises his voice one more time, I’ll lose it.'),
(414, 51, 22, 'Candidate some this carry night stuff.'),
(415, 41, 18, 'Just one push. That\'s all it would take.'),
(416, 30, 28, 'Just one push. That\'s all it would take.'),
(417, 36, 24, 'Yard rock physical.'),
(418, 13, 6, 'Health play many alone interest about.'),
(419, 20, 13, 'He betrayed my trust.'),
(420, 34, 42, 'Eight product possible high film senior material.'),
(421, 41, 32, 'He betrayed my trust.'),
(422, 40, 52, 'He betrayed my trust.'),
(423, 18, 45, 'I can’t stop thinking about what he said.'),
(424, 43, 38, 'My tough culture until world.'),
(425, 3, 49, 'I could strangle him in his sleep.'),
(426, 43, 6, 'Item remember subject side night none identify.'),
(427, 33, 42, 'During well include capital sure.'),
(428, 18, 37, 'Everyone rock generation evening.'),
(429, 22, 14, 'If he raises his voice one more time, I’ll lose it.'),
(430, 6, 40, 'He’s impossible to work with.'),
(431, 49, 37, 'Participant hope son own several herself keep.'),
(432, 18, 29, 'Never long watch shoulder deal image.'),
(433, 28, 6, 'That hurt more than I thought it would.'),
(434, 1, 36, 'Leader two over world issue audience thought.'),
(435, 49, 32, 'We argued again over the dishes.'),
(436, 15, 1, 'Music media rise difficult magazine.'),
(437, 30, 37, 'He’s impossible to work with.'),
(438, 11, 39, 'We argued again over the dishes.'),
(439, 24, 43, 'That look he gave me… I won\'t forget it.'),
(440, 17, 4, 'If he raises his voice one more time, I’ll lose it.'),
(441, 33, 42, 'Song its lawyer purpose.'),
(442, 27, 42, 'Make so crime share.'),
(443, 28, 7, 'Million without fish service high call together.'),
(444, 17, 6, 'Stage from various likely.'),
(445, 37, 42, 'Another meeting, another shouting match.'),
(446, 2, 25, 'Throughout chance teach add less rich also.'),
(447, 51, 45, 'East field point research.'),
(448, 44, 39, 'Just one push. That\'s all it would take.'),
(449, 39, 41, 'Lead particularly send.'),
(450, 13, 30, 'Put sign attorney institution theory hit evidence.'),
(451, 5, 22, 'Probably employee nice car will.'),
(452, 18, 10, 'That look he gave me… I won\'t forget it.'),
(453, 43, 13, 'Wrong modern land reduce challenge agreement.'),
(454, 43, 22, 'We argued again over the dishes.'),
(455, 18, 30, 'Easy beyond level physical tend law.'),
(456, 20, 43, 'Democrat another then single table ask measure.'),
(457, 43, 15, 'Sometimes I think the world would be better without him.'),
(458, 29, 5, 'If I could get away with it...'),
(459, 23, 51, 'Just one push. That\'s all it would take.'),
(460, 20, 37, 'Another meeting, another shouting match.'),
(461, 7, 49, 'We argued again over the dishes.'),
(462, 5, 10, 'If I could get away with it...'),
(463, 42, 20, 'Policy star defense beyond break media.'),
(464, 19, 39, 'These security can agency minute quality.'),
(465, 43, 52, 'He betrayed my trust.'),
(466, 24, 20, 'Just one push. That\'s all it would take.'),
(467, 18, 12, 'He betrayed my trust.'),
(468, 11, 27, 'Well often however card little.'),
(469, 6, 47, 'Bar wear animal cut economy.'),
(470, 45, 10, 'If he raises his voice one more time, I’ll lose it.'),
(471, 25, 3, 'That hurt more than I thought it would.'),
(472, 25, 43, 'If I could get away with it...'),
(473, 4, 15, 'He doesn’t know how close he is to the edge.'),
(474, 3, 21, 'He doesn’t know how close he is to the edge.'),
(475, 40, 15, 'He’s impossible to work with.'),
(476, 24, 2, 'Test explain lawyer leader debate rule from.'),
(477, 46, 19, 'If he raises his voice one more time, I’ll lose it.'),
(478, 42, 21, 'Available finally build test.'),
(479, 1, 19, 'Just one push. That\'s all it would take.'),
(480, 6, 27, 'Another meeting, another shouting match.'),
(481, 1, 23, 'Cultural common such best visit deep people side.'),
(482, 16, 18, 'He insulted my cooking. Unbelievable.'),
(483, 16, 38, 'Another meeting, another shouting match.'),
(484, 2, 12, 'He gave me that look again. I swear he\'s too uptight.'),
(485, 20, 14, 'He doesn’t know how close he is to the edge.'),
(486, 27, 45, 'Else everyone family.'),
(487, 5, 18, 'I could strangle him in his sleep.'),
(488, 23, 43, 'He betrayed my trust.'),
(489, 46, 28, 'Give production anyone parent second.'),
(490, 50, 11, 'I can’t stop thinking about what he said.'),
(491, 45, 30, 'Despite contain agent part road though feel.'),
(492, 30, 12, 'Almost day local resource image indicate public.'),
(493, 26, 8, 'That look he gave me… I won\'t forget it.'),
(494, 18, 39, 'He doesn’t know how close he is to the edge.'),
(495, 50, 36, 'If I could get away with it...'),
(496, 26, 43, 'He’s impossible to work with.'),
(497, 18, 21, 'I can’t stop thinking about what he said.'),
(498, 27, 2, 'Art agreement expert traditional with commercial parent.'),
(499, 42, 10, 'Method various former series popular cause.'),
(500, 29, 45, 'If he raises his voice one more time, I’ll lose it.');

-- --------------------------------------------------------

--
-- Table structure for table `mansion`
--

CREATE TABLE `mansion` (
  `roomId` int(11) NOT NULL,
  `roomName` varchar(100) NOT NULL,
  `roomSize` int(11) DEFAULT NULL CHECK (`roomSize` > 0)
) ENGINE=InnoDB DEFAULT CHARSET=utf8mb4 COLLATE=utf8mb4_general_ci;

--
-- Dumping data for table `mansion`
--

INSERT INTO `mansion` (`roomId`, `roomName`, `roomSize`) VALUES
(1, 'Entrance Hall', 36),
(2, 'Library', 49),
(3, 'Dining Room', 64),
(4, 'Kitchen', 42),
(5, 'Ballroom', 100),
(6, 'Lounge', 56),
(7, 'Study', 30),
(8, 'Guest Bedroom', 40),
(9, 'Master Bedroom', 81),
(10, 'Bathroom', 25),
(11, 'Gallery', 72),
(12, 'Servant Quarters', 35),
(13, 'Wine Cellar', 50),
(14, 'Trophy Room', 44),
(15, 'Secret Chamber', 28);

-- --------------------------------------------------------

--
-- Table structure for table `objects`
--

CREATE TABLE `objects` (
  `objectId` int(11) NOT NULL,
  `objectName` varchar(100) NOT NULL,
  `isWeapon` tinyint(1) NOT NULL DEFAULT 0,
  `weaponType` varchar(50) DEFAULT NULL,
  `cost` decimal(10,2) DEFAULT NULL CHECK (`cost` >= 0)
) ENGINE=InnoDB DEFAULT CHARSET=utf8mb4 COLLATE=utf8mb4_general_ci;

--
-- Dumping data for table `objects`
--

INSERT INTO `objects` (`objectId`, `objectName`, `isWeapon`, `weaponType`, `cost`) VALUES
(1, 'Explosive Charge', 1, 'Explosive', 346.90),
(2, 'Vase', 0, NULL, 47.52),
(3, 'Lawn Mower', 0, NULL, 9.28),
(4, 'Alarm Clock', 0, NULL, 82.04),
(5, 'Grenade', 1, 'Explosive', 142.44),
(6, 'Toxic Spray', 1, 'Chemical', 211.50),
(7, 'Wrench', 0, NULL, 92.06),
(8, 'Whiteboard', 0, NULL, 133.72),
(9, 'Venom Dart', 1, 'Chemical', 155.62),
(10, 'Scimitar', 1, 'Slashing', 109.23),
(11, 'Coaster', 0, NULL, 6.25),
(12, 'Bird Cage', 0, NULL, 104.10),
(13, 'Bungee Cord', 1, 'Strangling', 264.15),
(14, 'Bath Mat', 0, NULL, 68.11),
(15, 'Shower Curtain', 0, NULL, 106.86),
(16, 'Weed Puller', 0, NULL, 114.28),
(17, 'Dynamite', 1, 'Explosive', 405.81),
(18, 'Poison Syringe', 1, 'Chemical', 362.72),
(19, 'Workbench Light', 0, NULL, 136.13),
(20, 'Office Chair', 0, NULL, 25.97),
(21, 'Flamethrower', 1, 'Burning', 87.07),
(22, 'Leaf Blower', 0, NULL, 18.76),
(23, 'Javelin', 1, 'Piercing', 394.67),
(24, 'Pen Holder', 0, NULL, 113.91),
(25, 'Rice Cooker', 0, NULL, 30.57),
(26, 'Arrow', 1, 'Piercing', 246.42),
(27, 'Rifle', 1, 'Shooting', 436.42),
(28, 'Machete', 1, 'Slashing', 121.53),
(29, 'Rake', 0, NULL, 112.39),
(30, 'Chemical Flask', 1, 'Chemical', 213.86),
(31, 'Scrub Brush', 0, NULL, 106.55),
(32, 'Dustpan', 0, NULL, 149.54),
(33, 'Paper Shredder', 0, NULL, 22.47),
(34, 'Bedside Lamp', 0, NULL, 94.95),
(35, 'Revolver', 1, 'Shooting', 363.90),
(36, 'Chisel', 0, NULL, 28.46),
(37, 'Vacuum Bag', 0, NULL, 115.88),
(38, 'Nightstand', 0, NULL, 102.52),
(39, 'Rolling Pin', 0, NULL, 14.19),
(40, 'Colander', 0, NULL, 144.23),
(41, 'Measuring Cup', 0, NULL, 109.83),
(42, 'Trowel', 0, NULL, 10.77),
(43, 'Harpoon', 1, 'Piercing', 167.19),
(44, 'Jewelry Box', 0, NULL, 24.17),
(45, 'Notebook', 0, NULL, 130.94),
(46, 'Screwdriver', 0, NULL, 48.89),
(47, 'Crossbow Bolt', 1, 'Piercing', 179.78),
(48, 'Bayonet', 1, 'Stabbing', 393.65),
(49, 'Microwave', 0, NULL, 16.48),
(50, 'Silk Cord', 1, 'Strangling', 57.90),
(51, 'Curtain Rod', 0, NULL, 68.96),
(52, 'Table Clock', 0, NULL, 56.70),
(53, 'Wooden Club', 1, 'Blunt', 312.06),
(54, 'Clipboard', 0, NULL, 83.44),
(55, 'Pipe Bomb', 1, 'Explosive', 347.99),
(56, 'Baseball Bat', 1, 'Blunt', 309.06),
(57, 'Hammer', 1, 'Blunt', 162.53),
(58, 'Blender', 0, NULL, 104.16),
(59, 'Cat Scratcher', 0, NULL, 63.12),
(60, 'Hammer', 0, NULL, 10.12),
(61, 'Disinfectant Wipes', 0, NULL, 17.38),
(62, 'Razor', 0, NULL, 82.19),
(63, 'Kitchen Knife', 1, 'Stabbing', 356.25),
(64, 'Electric Rod', 1, 'Electric', 109.48),
(65, 'Toothbrush', 0, NULL, 97.14),
(66, 'Fish Tank', 0, NULL, 28.57),
(67, 'Saber', 1, 'Slashing', 242.60),
(68, 'Gas Canister', 1, 'Burning', 313.66),
(69, 'Metal Pipe', 1, 'Blunt', 302.33),
(70, 'Soap Dispenser', 0, NULL, 65.31),
(71, 'Taser', 1, 'Electric', 346.57),
(72, 'Pet Brush', 0, NULL, 114.83),
(73, 'Dishwasher', 0, NULL, 33.31),
(74, 'Rubber Gloves', 0, NULL, 83.93),
(75, 'Meat Cleaver', 1, 'Slashing', 451.52),
(76, 'Pet Bowl', 0, NULL, 118.36),
(77, 'Torch', 1, 'Burning', 139.95),
(78, 'Grater', 0, NULL, 100.46),
(79, 'Garden Hoe', 0, NULL, 119.43),
(80, 'Document Tray', 0, NULL, 140.59),
(81, 'Mirror', 0, NULL, 101.85),
(82, 'Garrote Wire', 1, 'Strangling', 407.45),
(83, 'Broom', 0, NULL, 101.36),
(84, 'Watering Can', 0, NULL, 23.05),
(85, 'Toaster', 0, NULL, 33.54),
(86, 'Pet Carrier', 0, NULL, 145.79),
(87, 'Shotgun', 1, 'Shooting', 383.94),
(88, 'Sponge', 0, NULL, 138.77),
(89, 'Coffee Maker', 0, NULL, 144.82),
(90, 'Refrigerator', 0, NULL, 25.78),
(91, 'Candle Holder', 0, NULL, 90.97),
(92, 'Leash', 0, NULL, 59.64),
(93, 'Cleaning Spray', 0, NULL, 21.61),
(94, 'Magazine Rack', 0, NULL, 131.21),
(95, 'Crowbar', 1, 'Blunt', 306.71),
(96, 'Shock Collar', 1, 'Electric', 61.24),
(97, 'Stun Baton', 1, 'Electric', 146.42),
(98, 'Handgun', 1, 'Shooting', 317.06),
(99, 'Stapler', 0, NULL, 52.03),
(100, 'Electric Kettle', 0, NULL, 93.04),
(101, 'Sniper Rifle', 1, 'Shooting', 271.93),
(102, 'Can Opener', 0, NULL, 84.30),
(103, 'Mixing Bowl', 0, NULL, 46.04),
(104, 'Pillow', 0, NULL, 68.01),
(105, 'Air Fryer', 0, NULL, 28.66),
(106, 'Vacuum Cleaner', 0, NULL, 128.12),
(107, 'Chain', 1, 'Strangling', 331.92),
(108, 'Hedge Trimmer', 0, NULL, 84.58),
(109, 'Tape Measure', 0, NULL, 59.33),
(110, 'Pet Bed', 0, NULL, 32.09),
(111, 'Rug', 0, NULL, 104.41),
(112, 'Katana', 1, 'Slashing', 97.39),
(113, 'Clamp', 0, NULL, 108.08),
(114, 'Shampoo Bottle', 0, NULL, 96.15),
(115, 'Cutting Board', 0, NULL, 77.63),
(116, 'Picture Frame', 0, NULL, 65.43),
(117, 'Litter Box', 0, NULL, 138.17),
(118, 'Towel Rack', 0, NULL, 80.67),
(119, 'Molotov Cocktail', 1, 'Burning', 231.80),
(120, 'Acid Vial', 1, 'Chemical', 70.00),
(121, 'Electro Glove', 1, 'Electric', 213.04),
(122, 'Laundry Basket', 0, NULL, 96.38),
(123, 'Peeler', 0, NULL, 126.48),
(124, 'Bathrobe', 0, NULL, 70.16),
(125, 'Chew Toy', 0, NULL, 6.88),
(126, 'Rope', 1, 'Strangling', 342.05),
(127, 'Ice Pick', 1, 'Stabbing', 421.26),
(128, 'Workbench Stool', 0, NULL, 11.43),
(129, 'Dresser', 0, NULL, 87.51),
(130, 'Whisk', 0, NULL, 55.24),
(131, 'Throw Pillow', 0, NULL, 108.58),
(132, 'Landmine', 1, 'Explosive', 136.23),
(133, 'Curtain', 0, NULL, 65.44),
(134, 'Garden Fork', 0, NULL, 35.76),
(135, 'Wall Art', 0, NULL, 128.50),
(136, 'Mop', 0, NULL, 35.43),
(137, 'Combat Knife', 1, 'Stabbing', 97.16),
(138, 'Hair Dryer', 0, NULL, 135.86),
(139, 'Nail Gun', 0, NULL, 42.03),
(140, 'Dagger', 1, 'Stabbing', 129.89),
(141, 'Fire Stick', 1, 'Burning', 56.89),
(142, 'Shovel', 0, NULL, 28.27),
(143, 'Spatula', 0, NULL, 50.27),
(144, 'Blanket', 0, NULL, 136.16),
(145, 'Filing Cabinet', 0, NULL, 39.32),
(146, 'Socket Set', 0, NULL, 129.79),
(147, 'Bucket', 0, NULL, 5.47),
(148, 'Spear', 1, 'Piercing', 425.18),
(149, 'Desk Lamp', 0, NULL, 66.01),
(150, 'Toilet Brush', 0, NULL, 39.34);

-- --------------------------------------------------------

--
-- Table structure for table `people`
--

CREATE TABLE `people` (
  `id` int(11) NOT NULL,
  `firstName` varchar(50) NOT NULL,
  `lastName` varchar(50) NOT NULL,
  `age` int(11) DEFAULT NULL CHECK (`age` >= 0),
  `profession` varchar(100) DEFAULT NULL
) ENGINE=InnoDB DEFAULT CHARSET=utf8mb4 COLLATE=utf8mb4_general_ci;

--
-- Dumping data for table `people`
--

INSERT INTO `people` (`id`, `firstName`, `lastName`, `age`, `profession`) VALUES
(1, 'Amir', 'Avraham', 62, 'Lawyer'),
(2, 'Ari', 'Levinson', 42, 'Journalist'),
(3, 'Assaf', 'Ben-Ami', 68, 'Doctor'),
(4, 'Barak', 'Nahum', 48, 'Lawyer'),
(5, 'Boaz', 'Bar-On', 44, 'Taxi Driver'),
(6, 'Boaz', 'Cohen', 40, 'Carpenter'),
(7, 'Daniel', 'Levi', 33, 'Electrician'),
(8, 'Doron', 'Bar-On', 41, 'Scientist'),
(9, 'Doron', 'Hershkovitz', 22, 'Waiter'),
(10, 'Dror', 'Peretz', 34, 'Fisherman'),
(11, 'Dror', 'Nahum', 47, 'Carpenter'),
(12, 'Eitan', 'Klein', 38, 'Antique Dealer'),
(13, 'Elad', 'Abramov', 35, 'Teacher'),
(14, 'Elad', 'Sharabi', 30, 'Coach'),
(15, 'Elad', 'Ben-Ami', 32, 'Scientist'),
(16, 'Erez', 'Hershkovitz', 23, 'Biologist'),
(17, 'Gadi', 'Nahum', 67, 'Coach'),
(18, 'Gil', 'Levi', 54, 'Farmer'),
(19, 'Haim', 'Avraham', 70, 'Artist'),
(20, 'Haim', 'Cohen', 29, 'Doctor'),
(21, 'Haim', 'Abramov', 28, 'Psychologist'),
(22, 'Itai', 'Weinstein', 45, 'IT Specialist'),
(23, 'Itai', 'Hershkovitz', 67, 'Doctor'),
(24, 'Lior', 'Yosef', 29, 'Coach'),
(25, 'Lior', 'Levi', 32, 'Artist'),
(26, 'Matan', 'Shechter', 63, 'Mechanic'),
(27, 'Matan', 'Sharabi', 50, 'Pilot'),
(28, 'Matan', 'Katz', 48, 'Librarian'),
(29, 'Matan', 'Nahum', 28, 'Artist'),
(30, 'Matan', 'Noy', 26, 'Mechanic'),
(31, 'Nadav', 'Grossman', 42, 'Coach'),
(32, 'Noam', 'Goldberg', 27, 'Fisherman'),
(33, 'Omri', 'Segal', 25, 'Artist'),
(34, 'Omri', 'Tzur', 63, 'Biologist'),
(35, 'Ran', 'Nahum', 57, 'Architect'),
(36, 'Shai', 'Hershkovitz', 37, 'Scientist'),
(37, 'Shai', 'Shalem', 60, 'Plumber'),
(38, 'Shai', 'Grossman', 28, 'Carpenter'),
(39, 'Tal', 'Baruch', 68, 'Doctor'),
(40, 'Tomer', 'Shalem', 39, 'Artist'),
(41, 'Tomer', 'Talmi', 46, 'Pilot'),
(42, 'Yair', 'Shalem', 51, 'Scientist'),
(43, 'Yair', 'Segal', 34, 'Social Worker'),
(44, 'Yair', 'Nahum', 39, 'Paramedic'),
(45, 'Yair', 'Hershkovitz', 34, 'Social Worker'),
(46, 'Yair', 'Ben-Ami', 20, 'Doctor'),
(47, 'Yair', 'Goldberg', 51, 'Biologist'),
(48, 'Yair', 'Rosen', 58, 'Teacher'),
(49, 'Yonatan', 'Sharabi', 66, 'Photographer'),
(50, 'Yonatan', 'Katz', 39, 'Fisherman'),
(51, 'Yossi', 'Shechter', 50, 'Artist'),
(52, 'Ziv', 'Kaplan', 39, 'Architect');

-- --------------------------------------------------------

--
-- Table structure for table `people_belongings`
--

CREATE TABLE `people_belongings` (
  `personId` int(11) NOT NULL,
  `objectId` int(11) NOT NULL
) ENGINE=InnoDB DEFAULT CHARSET=utf8mb4 COLLATE=utf8mb4_general_ci;

--
-- Dumping data for table `people_belongings`
--

INSERT INTO `people_belongings` (`personId`, `objectId`) VALUES
(1, 12),
(1, 31),
(1, 42),
(1, 54),
(1, 75),
(1, 116),
(2, 18),
(2, 22),
(2, 71),
(2, 138),
(3, 21),
(3, 25),
(3, 35),
(3, 63),
(3, 73),
(3, 83),
(3, 93),
(3, 138),
(3, 139),
(3, 146),
(4, 19),
(4, 31),
(4, 40),
(4, 63),
(4, 81),
(4, 106),
(4, 112),
(4, 142),
(5, 70),
(5, 108),
(5, 147),
(6, 10),
(6, 125),
(7, 1),
(7, 39),
(7, 87),
(7, 105),
(8, 56),
(8, 64),
(8, 98),
(8, 101),
(8, 118),
(8, 142),
(8, 149),
(8, 150),
(9, 34),
(9, 38),
(9, 69),
(9, 96),
(9, 143),
(10, 14),
(10, 20),
(10, 34),
(10, 59),
(10, 86),
(10, 90),
(10, 147),
(11, 15),
(11, 24),
(11, 27),
(11, 28),
(11, 46),
(11, 50),
(11, 51),
(11, 59),
(11, 66),
(11, 74),
(11, 90),
(11, 123),
(11, 142),
(12, 5),
(12, 91),
(12, 97),
(12, 127),
(13, 3),
(13, 12),
(13, 25),
(13, 107),
(13, 131),
(13, 133),
(13, 136),
(13, 137),
(14, 64),
(14, 79),
(14, 117),
(14, 120),
(15, 13),
(15, 17),
(15, 22),
(15, 29),
(15, 59),
(15, 128),
(15, 134),
(15, 140),
(15, 141),
(16, 22),
(16, 74),
(16, 114),
(16, 125),
(17, 6),
(17, 12),
(17, 40),
(17, 45),
(17, 139),
(17, 147),
(18, 36),
(18, 97),
(18, 140),
(19, 6),
(19, 20),
(19, 29),
(19, 46),
(19, 47),
(19, 53),
(19, 86),
(19, 132),
(20, 44),
(20, 53),
(20, 71),
(20, 101),
(20, 108),
(20, 111),
(20, 121),
(20, 129),
(21, 82),
(21, 83),
(21, 99),
(21, 114),
(22, 30),
(22, 34),
(22, 73),
(22, 99),
(22, 116),
(23, 25),
(23, 30),
(23, 34),
(23, 124),
(23, 133),
(23, 140),
(24, 23),
(24, 30),
(24, 35),
(24, 41),
(24, 48),
(24, 61),
(24, 102),
(24, 121),
(24, 136),
(24, 144),
(25, 18),
(25, 22),
(25, 26),
(25, 54),
(25, 58),
(25, 85),
(25, 87),
(25, 120),
(25, 124),
(26, 29),
(26, 34),
(26, 74),
(26, 107),
(26, 108),
(27, 39),
(27, 81),
(27, 87),
(27, 93),
(27, 105),
(27, 111),
(28, 110),
(29, 9),
(29, 83),
(29, 131),
(30, 33),
(30, 102),
(30, 112),
(31, 27),
(31, 50),
(31, 69),
(31, 111),
(31, 148),
(32, 20),
(32, 42),
(32, 47),
(32, 90),
(33, 72),
(33, 84),
(33, 130),
(33, 141),
(34, 3),
(34, 15),
(34, 29),
(34, 56),
(34, 137),
(35, 3),
(35, 17),
(35, 32),
(35, 37),
(35, 48),
(35, 58),
(35, 61),
(35, 135),
(36, 75),
(36, 81),
(36, 123),
(37, 7),
(37, 28),
(37, 29),
(37, 33),
(37, 36),
(37, 44),
(37, 110),
(37, 133),
(38, 7),
(38, 16),
(38, 70),
(38, 81),
(38, 86),
(38, 131),
(38, 145),
(39, 43),
(39, 93),
(39, 138),
(40, 9),
(40, 13),
(40, 72),
(40, 85),
(40, 124),
(41, 5),
(41, 21),
(41, 32),
(41, 47),
(41, 56),
(41, 58),
(41, 59),
(41, 65),
(41, 77),
(41, 92),
(41, 129),
(42, 5),
(42, 78),
(42, 92),
(42, 98),
(42, 108),
(43, 44),
(43, 71),
(43, 77),
(43, 119),
(43, 120),
(43, 124),
(43, 128),
(43, 145),
(44, 41),
(44, 51),
(44, 60),
(44, 111),
(44, 119),
(44, 124),
(44, 141),
(44, 149),
(45, 5),
(45, 23),
(45, 29),
(45, 46),
(45, 78),
(45, 87),
(45, 117),
(46, 13),
(46, 14),
(46, 17),
(46, 22),
(46, 27),
(46, 72),
(46, 103),
(46, 118),
(46, 141),
(48, 15),
(48, 56),
(48, 63),
(48, 70),
(48, 119),
(49, 14),
(49, 27),
(49, 108),
(49, 142),
(50, 59),
(50, 79),
(50, 91),
(50, 96),
(50, 103),
(50, 133),
(51, 26),
(51, 98),
(51, 109),
(51, 135),
(51, 138),
(52, 29),
(52, 114),
(52, 119),
(52, 150);

-- --------------------------------------------------------

--
-- Table structure for table `room_objects`
--

CREATE TABLE `room_objects` (
  `roomId` int(11) NOT NULL,
  `objectId` int(11) NOT NULL
) ENGINE=InnoDB DEFAULT CHARSET=utf8mb4 COLLATE=utf8mb4_general_ci;

--
-- Dumping data for table `room_objects`
--

INSERT INTO `room_objects` (`roomId`, `objectId`) VALUES
(1, 10),
(1, 27),
(1, 31),
(1, 32),
(1, 43),
(1, 53),
(1, 96),
(1, 109),
(1, 119),
(1, 138),
(2, 12),
(2, 34),
(2, 36),
(2, 44),
(2, 62),
(2, 63),
(2, 64),
(2, 77),
(2, 87),
(2, 89),
(2, 100),
(2, 105),
(2, 120),
(2, 122),
(2, 145),
(2, 149),
(2, 150),
(3, 1),
(3, 4),
(3, 24),
(3, 33),
(3, 48),
(3, 56),
(3, 81),
(3, 96),
(3, 108),
(3, 131),
(3, 132),
(3, 146),
(4, 35),
(4, 59),
(4, 71),
(4, 86),
(4, 92),
(4, 103),
(4, 111),
(4, 113),
(4, 133),
(5, 2),
(5, 14),
(5, 17),
(5, 21),
(5, 23),
(5, 52),
(5, 54),
(5, 57),
(5, 66),
(5, 67),
(5, 77),
(5, 94),
(5, 106),
(5, 108),
(5, 116),
(5, 141),
(5, 145),
(6, 40),
(6, 56),
(6, 61),
(6, 84),
(6, 105),
(6, 107),
(6, 122),
(6, 131),
(6, 146),
(6, 150),
(7, 7),
(7, 11),
(7, 18),
(7, 31),
(7, 38),
(7, 44),
(7, 49),
(7, 51),
(7, 52),
(7, 70),
(7, 72),
(7, 75),
(7, 85),
(7, 88),
(7, 94),
(7, 111),
(8, 6),
(8, 25),
(8, 39),
(8, 40),
(8, 41),
(8, 54),
(8, 56),
(8, 85),
(8, 86),
(8, 90),
(8, 107),
(8, 128),
(9, 13),
(9, 17),
(9, 25),
(9, 45),
(9, 67),
(9, 71),
(9, 99),
(9, 105),
(9, 109),
(9, 111),
(9, 116),
(9, 138),
(9, 141),
(10, 1),
(10, 16),
(10, 17),
(10, 39),
(10, 66),
(10, 80),
(10, 81),
(10, 87),
(10, 100),
(10, 104),
(10, 110),
(10, 121),
(10, 122),
(10, 129),
(10, 142),
(10, 147),
(11, 11),
(11, 19),
(11, 41),
(11, 62),
(11, 91),
(11, 94),
(11, 126),
(11, 146),
(12, 4),
(12, 16),
(12, 17),
(12, 22),
(12, 25),
(12, 30),
(12, 41),
(12, 59),
(12, 60),
(12, 70),
(12, 77),
(12, 81),
(12, 102),
(12, 121),
(12, 133),
(13, 5),
(13, 37),
(13, 48),
(13, 52),
(13, 53),
(13, 60),
(13, 73),
(13, 74),
(13, 95),
(13, 98),
(13, 121),
(13, 129),
(13, 132),
(13, 147),
(14, 6),
(14, 16),
(14, 24),
(14, 26),
(14, 32),
(14, 39),
(14, 48),
(14, 49),
(14, 51),
(14, 63),
(14, 69),
(14, 70),
(14, 73),
(14, 89),
(14, 91),
(14, 108),
(14, 128),
(14, 132),
(14, 135),
(14, 148),
(15, 25),
(15, 30),
(15, 48),
(15, 58),
(15, 59),
(15, 63),
(15, 82),
(15, 88),
(15, 108),
(15, 115),
(15, 135);

-- --------------------------------------------------------

--
-- Table structure for table `visits`
--

CREATE TABLE `visits` (
  `id` int(11) NOT NULL,
  `roomId` int(11) NOT NULL,
  `personId` int(11) NOT NULL,
  `timeOfEntry` datetime NOT NULL,
  `timeOfLeaving` datetime DEFAULT NULL
) ENGINE=InnoDB DEFAULT CHARSET=utf8mb4 COLLATE=utf8mb4_general_ci;

--
-- Dumping data for table `visits`
--

INSERT INTO `visits` (`id`, `roomId`, `personId`, `timeOfEntry`, `timeOfLeaving`) VALUES
(107, 4, 12, '2025-06-02 10:03:00', '2025-06-02 10:33:00'),
(108, 9, 12, '2025-06-02 17:34:00', '2025-06-02 18:02:00'),
(109, 6, 12, '2025-06-02 18:17:00', '2025-06-02 18:34:00'),
(110, 2, 43, '2025-06-01 05:39:01', '2025-06-01 06:25:01'),
(111, 8, 40, '2025-05-31 05:33:01', '2025-05-31 07:07:01'),
(112, 2, 32, '2025-05-30 15:37:01', '2025-05-30 17:25:01'),
(113, 2, 43, '2025-05-31 06:24:01', '2025-05-31 07:16:01'),
(114, 2, 9, '2025-05-31 00:03:01', '2025-05-31 01:30:01'),
(115, 10, 11, '2025-06-03 02:59:01', '2025-06-03 03:59:01'),
(116, 13, 33, '2025-06-02 19:09:01', '2025-06-02 20:26:01'),
(117, 2, 2, '2025-06-02 04:37:00', '2025-06-02 05:34:00'),
(118, 13, 2, '2025-06-02 03:46:00', '2025-06-02 04:09:00'),
(119, 8, 28, '2025-05-30 20:11:01', '2025-05-30 22:09:01'),
(120, 10, 19, '2025-06-03 10:19:01', '2025-06-03 12:18:01'),
(121, 13, 11, '2025-06-02 02:21:01', '2025-06-02 03:36:01'),
(122, 11, 40, '2025-06-01 01:02:01', '2025-06-01 01:59:01'),
(123, 8, 30, '2025-06-02 12:30:01', '2025-06-02 12:43:01'),
(124, 11, 16, '2025-06-01 20:41:01', '2025-06-01 22:31:01'),
(125, 2, 31, '2025-06-03 08:59:01', '2025-06-03 09:47:01'),
(126, 3, 45, '2025-06-02 00:33:01', '2025-06-02 01:48:01'),
(127, 7, 28, '2025-06-03 02:54:01', '2025-06-03 04:19:01'),
(128, 7, 30, '2025-06-02 00:36:01', '2025-06-02 02:03:01'),
(129, 1, 16, '2025-05-31 23:33:01', '2025-06-01 01:30:01'),
(130, 8, 5, '2025-06-02 09:06:01', '2025-06-02 10:41:01'),
(131, 8, 32, '2025-06-01 21:07:01', '2025-06-01 21:21:01'),
(132, 8, 28, '2025-06-01 19:35:01', '2025-06-01 21:34:01'),
(133, 11, 1, '2025-06-02 15:21:01', '2025-06-02 15:53:01'),
(134, 2, 15, '2025-06-02 18:28:01', '2025-06-02 19:13:01'),
(135, 5, 5, '2025-05-31 01:48:01', '2025-05-31 02:03:01'),
(136, 4, 2, '2025-06-02 09:58:00', '2025-06-02 10:16:00'),
(137, 6, 1, '2025-06-01 01:27:01', '2025-06-01 02:42:01'),
(138, 7, 34, '2025-05-31 16:27:01', '2025-05-31 17:07:01'),
(139, 1, 42, '2025-06-03 05:26:01', '2025-06-03 06:45:01'),
(140, 7, 31, '2025-06-01 15:31:01', '2025-06-01 17:09:01'),
(141, 1, 7, '2025-06-01 03:59:01', '2025-06-01 04:25:01'),
(142, 6, 52, '2025-05-31 08:57:01', '2025-05-31 10:54:01'),
(143, 14, 37, '2025-06-01 20:51:01', '2025-06-01 21:17:01'),
(144, 14, 21, '2025-05-31 02:25:01', '2025-05-31 04:08:01'),
(145, 11, 21, '2025-06-02 13:38:01', '2025-06-02 15:37:01'),
(146, 1, 32, '2025-05-31 06:05:01', '2025-05-31 07:23:01'),
(147, 5, 25, '2025-05-31 08:46:01', '2025-05-31 09:44:01'),
(148, 7, 8, '2025-05-31 05:15:01', '2025-05-31 06:27:01'),
(149, 4, 32, '2025-06-01 02:24:01', '2025-06-01 03:04:01'),
(150, 1, 22, '2025-06-02 13:42:01', '2025-06-02 14:50:01'),
(151, 11, 9, '2025-06-01 09:07:01', '2025-06-01 09:58:01'),
(152, 8, 49, '2025-06-01 04:20:01', '2025-06-01 04:41:01'),
(153, 13, 30, '2025-05-31 17:22:01', '2025-05-31 17:33:01'),
(154, 8, 7, '2025-06-01 02:05:01', '2025-06-01 03:19:01'),
(155, 10, 6, '2025-05-31 17:38:01', '2025-05-31 18:51:01'),
(156, 4, 4, '2025-05-31 12:38:01', '2025-05-31 13:47:01'),
(157, 9, 17, '2025-05-30 19:27:01', '2025-05-30 20:22:01'),
(158, 9, 36, '2025-05-31 21:52:01', '2025-05-31 23:25:01'),
(159, 2, 25, '2025-06-02 16:13:01', '2025-06-02 17:59:01'),
(160, 12, 52, '2025-05-31 09:27:01', '2025-05-31 09:50:01'),
(161, 6, 7, '2025-05-31 12:32:01', '2025-05-31 13:32:01'),
(162, 8, 18, '2025-06-03 04:25:01', '2025-06-03 06:17:01'),
(163, 10, 6, '2025-05-31 18:37:01', '2025-05-31 20:23:01'),
(164, 3, 5, '2025-05-31 20:59:01', '2025-05-31 22:30:01'),
(165, 11, 35, '2025-05-30 16:22:01', '2025-05-30 18:19:01'),
(166, 13, 43, '2025-06-03 13:47:01', '2025-06-03 15:02:01'),
(167, 10, 19, '2025-05-31 14:04:01', '2025-05-31 14:24:01'),
(168, 6, 38, '2025-05-31 07:19:01', '2025-05-31 07:45:01'),
(169, 10, 17, '2025-06-03 06:48:01', '2025-06-03 08:37:01'),
(170, 5, 11, '2025-05-30 19:35:01', '2025-05-30 20:34:01'),
(171, 5, 5, '2025-05-31 22:41:01', '2025-05-31 23:22:01'),
(172, 3, 7, '2025-06-03 01:58:01', '2025-06-03 03:41:01'),
(173, 6, 18, '2025-06-03 13:48:01', '2025-06-03 15:24:01'),
(174, 14, 48, '2025-06-03 06:51:01', '2025-06-03 07:56:01'),
(175, 3, 6, '2025-06-02 12:07:01', '2025-06-02 12:50:01'),
(176, 9, 19, '2025-05-30 23:37:01', '2025-05-31 00:07:01'),
(177, 10, 7, '2025-06-02 12:03:01', '2025-06-02 12:17:01'),
(178, 2, 27, '2025-05-31 17:10:01', '2025-05-31 18:36:01'),
(179, 13, 27, '2025-06-03 04:06:01', '2025-06-03 05:06:01'),
(180, 12, 28, '2025-05-31 19:24:01', '2025-05-31 20:29:01'),
(181, 12, 5, '2025-06-01 08:16:01', '2025-06-01 09:51:01'),
(182, 4, 49, '2025-05-30 14:49:01', '2025-05-30 15:08:01'),
(183, 5, 37, '2025-06-01 11:42:01', '2025-06-01 13:35:01'),
(184, 10, 47, '2025-06-01 21:58:01', '2025-06-01 23:49:01'),
(185, 12, 27, '2025-06-01 07:38:01', '2025-06-01 08:22:01'),
(186, 7, 25, '2025-06-01 06:56:01', '2025-06-01 07:16:01'),
(187, 4, 29, '2025-05-30 20:37:01', '2025-05-30 21:41:01'),
(188, 15, 4, '2025-06-01 23:54:01', '2025-06-02 00:31:01'),
(189, 2, 11, '2025-06-01 17:12:01', '2025-06-01 18:32:01'),
(190, 4, 37, '2025-06-03 08:12:01', '2025-06-03 09:53:01'),
(191, 11, 6, '2025-06-03 10:45:01', '2025-06-03 11:59:01'),
(192, 13, 18, '2025-05-31 07:42:01', '2025-05-31 09:06:01'),
(193, 3, 5, '2025-06-01 12:48:01', '2025-06-01 13:01:01'),
(194, 10, 42, '2025-06-02 07:13:01', '2025-06-02 07:32:01'),
(195, 12, 24, '2025-06-03 05:12:01', '2025-06-03 06:09:01'),
(196, 2, 40, '2025-06-02 06:27:01', '2025-06-02 07:59:01'),
(197, 4, 13, '2025-06-03 01:06:01', '2025-06-03 01:37:01'),
(198, 13, 50, '2025-06-01 23:55:01', '2025-06-02 01:43:01'),
(199, 8, 34, '2025-06-03 10:55:01', '2025-06-03 12:03:01'),
(200, 4, 25, '2025-06-02 10:25:01', '2025-06-02 11:10:01'),
(201, 3, 29, '2025-05-30 15:09:01', '2025-05-30 15:32:01'),
(202, 1, 8, '2025-05-31 08:53:01', '2025-05-31 09:38:01'),
(203, 9, 32, '2025-06-01 12:22:01', '2025-06-01 12:35:01'),
(204, 4, 28, '2025-06-01 06:07:01', '2025-06-01 07:50:01'),
(205, 11, 10, '2025-06-02 18:05:01', '2025-06-02 19:04:01'),
(206, 6, 19, '2025-05-30 19:15:01', '2025-05-30 20:04:01'),
(207, 9, 48, '2025-06-01 00:43:01', '2025-06-01 02:03:01'),
(208, 6, 4, '2025-05-31 01:47:01', '2025-05-31 02:09:01'),
(209, 14, 7, '2025-06-01 11:59:01', '2025-06-01 12:17:01'),
(210, 3, 31, '2025-05-31 10:23:01', '2025-05-31 10:51:01'),
(211, 11, 6, '2025-05-31 10:23:01', '2025-05-31 10:51:01'),
(212, 11, 1, '2025-05-31 21:01:01', '2025-05-31 22:07:01');

--
-- Indexes for dumped tables
--

--
-- Indexes for table `hospital_report`
--
ALTER TABLE `hospital_report`
  ADD PRIMARY KEY (`id`),
  ADD KEY `doctorId` (`doctorId`),
  ADD KEY `patientId` (`patientId`);

--
-- Indexes for table `journal`
--
ALTER TABLE `journal`
  ADD PRIMARY KEY (`id`),
  ADD KEY `authorId` (`authorId`),
  ADD KEY `subjectId` (`subjectId`);

--
-- Indexes for table `mansion`
--
ALTER TABLE `mansion`
  ADD PRIMARY KEY (`roomId`);

--
-- Indexes for table `objects`
--
ALTER TABLE `objects`
  ADD PRIMARY KEY (`objectId`);

--
-- Indexes for table `people`
--
ALTER TABLE `people`
  ADD PRIMARY KEY (`id`);

--
-- Indexes for table `people_belongings`
--
ALTER TABLE `people_belongings`
  ADD PRIMARY KEY (`personId`,`objectId`),
  ADD KEY `objectId` (`objectId`);

--
-- Indexes for table `room_objects`
--
ALTER TABLE `room_objects`
  ADD PRIMARY KEY (`roomId`,`objectId`),
  ADD KEY `objectId` (`objectId`);

--
-- Indexes for table `visits`
--
ALTER TABLE `visits`
  ADD PRIMARY KEY (`id`),
  ADD KEY `roomId` (`roomId`),
  ADD KEY `personId` (`personId`);

--
-- AUTO_INCREMENT for dumped tables
--

--
-- AUTO_INCREMENT for table `hospital_report`
--
ALTER TABLE `hospital_report`
  MODIFY `id` int(11) NOT NULL AUTO_INCREMENT, AUTO_INCREMENT=125;

--
-- AUTO_INCREMENT for table `journal`
--
ALTER TABLE `journal`
  MODIFY `id` int(11) NOT NULL AUTO_INCREMENT, AUTO_INCREMENT=501;

--
-- AUTO_INCREMENT for table `mansion`
--
ALTER TABLE `mansion`
  MODIFY `roomId` int(11) NOT NULL AUTO_INCREMENT, AUTO_INCREMENT=16;

--
-- AUTO_INCREMENT for table `objects`
--
ALTER TABLE `objects`
  MODIFY `objectId` int(11) NOT NULL AUTO_INCREMENT, AUTO_INCREMENT=151;

--
-- AUTO_INCREMENT for table `people`
--
ALTER TABLE `people`
  MODIFY `id` int(11) NOT NULL AUTO_INCREMENT, AUTO_INCREMENT=53;

--
-- AUTO_INCREMENT for table `visits`
--
ALTER TABLE `visits`
  MODIFY `id` int(11) NOT NULL AUTO_INCREMENT, AUTO_INCREMENT=213;

--
-- Constraints for dumped tables
--

--
-- Constraints for table `hospital_report`
--
ALTER TABLE `hospital_report`
  ADD CONSTRAINT `hospital_report_ibfk_1` FOREIGN KEY (`doctorId`) REFERENCES `people` (`id`),
  ADD CONSTRAINT `hospital_report_ibfk_2` FOREIGN KEY (`patientId`) REFERENCES `people` (`id`);

--
-- Constraints for table `journal`
--
ALTER TABLE `journal`
  ADD CONSTRAINT `journal_ibfk_1` FOREIGN KEY (`authorId`) REFERENCES `people` (`id`),
  ADD CONSTRAINT `journal_ibfk_2` FOREIGN KEY (`subjectId`) REFERENCES `people` (`id`);

--
-- Constraints for table `people_belongings`
--
ALTER TABLE `people_belongings`
  ADD CONSTRAINT `people_belongings_ibfk_1` FOREIGN KEY (`personId`) REFERENCES `people` (`id`),
  ADD CONSTRAINT `people_belongings_ibfk_2` FOREIGN KEY (`objectId`) REFERENCES `objects` (`objectId`);

--
-- Constraints for table `room_objects`
--
ALTER TABLE `room_objects`
  ADD CONSTRAINT `room_objects_ibfk_1` FOREIGN KEY (`roomId`) REFERENCES `mansion` (`roomId`),
  ADD CONSTRAINT `room_objects_ibfk_2` FOREIGN KEY (`objectId`) REFERENCES `objects` (`objectId`);

--
-- Constraints for table `visits`
--
ALTER TABLE `visits`
  ADD CONSTRAINT `visits_ibfk_1` FOREIGN KEY (`roomId`) REFERENCES `mansion` (`roomId`),
  ADD CONSTRAINT `visits_ibfk_2` FOREIGN KEY (`personId`) REFERENCES `people` (`id`);
COMMIT;

/*!40101 SET CHARACTER_SET_CLIENT=@OLD_CHARACTER_SET_CLIENT */;
/*!40101 SET CHARACTER_SET_RESULTS=@OLD_CHARACTER_SET_RESULTS */;
/*!40101 SET COLLATION_CONNECTION=@OLD_COLLATION_CONNECTION */;
